stateabbr,before,retained,excluded,excluded_pct
AK,30,30,0,0.0
AL,67,67,0,0.0
AR,75,75,0,0.0
AZ,15,15,0,0.0
CA,58,58,0,0.0
CO,64,0,64,100.0
CT,9,9,0,0.0
DC,1,1,0,0.0
DE,3,3,0,0.0
FL,67,0,67,100.0
GA,159,159,0,0.0
HI,5,5,0,0.0
IA,99,99,0,0.0
ID,44,44,0,0.0
IL,102,102,0,0.0
IN,92,92,0,0.0
KS,105,105,0,0.0
LA,64,64,0,0.0
MA,14,14,0,0.0
MD,24,24,0,0.0
ME,16,16,0,0.0
MI,83,83,0,0.0
MN,87,87,0,0.0
MO,115,115,0,0.0
MS,82,82,0,0.0
MT,56,56,0,0.0
NC,100,100,0,0.0
ND,53,53,0,0.0
NE,93,93,0,0.0
NH,10,10,0,0.0
NJ,21,21,0,0.0
NM,33,33,0,0.0
NV,17,17,0,0.0
NY,62,62,0,0.0
OH,88,88,0,0.0
OK,77,77,0,0.0
OR,36,0,36,100.0
RI,5,5,0,0.0
SC,46,46,0,0.0
SD,66,0,66,100.0
TN,95,0,95,100.0
TX,253,0,253,100.0
UT,29,29,0,0.0
VA,133,133,0,0.0
VT,14,0,14,100.0
WA,39,0,39,100.0
WI,72,72,0,0.0
WV,55,55,0,0.0
WY,23,0,23,100.0
