measureid,source_year,prevalence_type,counties,release_year
ACCESS2,2019,Age-adjusted prevalence,3121,2021
ARTHRITIS,2019,Age-adjusted prevalence,3121,2021
BINGE,2019,Age-adjusted prevalence,3121,2021
BPHIGH,2019,Age-adjusted prevalence,3121,2021
BPMED,2019,Age-adjusted prevalence,3121,2021
CANCER,2019,Age-adjusted prevalence,3121,2021
CASTHMA,2019,Age-adjusted prevalence,3121,2021
CERVICAL,2018,Age-adjusted prevalence,3142,2021
CHD,2019,Age-adjusted prevalence,3121,2021
CHECKUP,2019,Age-adjusted prevalence,3121,2021
CHOLSCREEN,2019,Age-adjusted prevalence,3121,2021
COLON_SCREEN,2018,Age-adjusted prevalence,3142,2021
COPD,2019,Age-adjusted prevalence,3121,2021
COREM,2018,Age-adjusted prevalence,3142,2021
COREW,2018,Age-adjusted prevalence,3142,2021
CSMOKING,2019,Age-adjusted prevalence,3121,2021
DENTAL,2018,Age-adjusted prevalence,3142,2021
DEPRESSION,2019,Age-adjusted prevalence,3121,2021
DIABETES,2019,Age-adjusted prevalence,3121,2021
GHLTH,2019,Age-adjusted prevalence,3121,2021
HIGHCHOL,2019,Age-adjusted prevalence,3121,2021
KIDNEY,2019,Age-adjusted prevalence,3121,2021
LPA,2019,Age-adjusted prevalence,3121,2021
MAMMOUSE,2018,Age-adjusted prevalence,3142,2021
MHLTH,2019,Age-adjusted prevalence,3121,2021
OBESITY,2019,Age-adjusted prevalence,3121,2021
PHLTH,2019,Age-adjusted prevalence,3121,2021
SLEEP,2018,Age-adjusted prevalence,3142,2021
STROKE,2019,Age-adjusted prevalence,3121,2021
TEETHLOST,2018,Age-adjusted prevalence,3142,2021
ACCESS2,2020,Age-adjusted prevalence,3143,2022
ARTHRITIS,2020,Age-adjusted prevalence,3143,2022
BINGE,2020,Age-adjusted prevalence,3143,2022
BPHIGH,2019,Age-adjusted prevalence,3120,2022
BPMED,2019,Age-adjusted prevalence,3120,2022
CANCER,2020,Age-adjusted prevalence,3143,2022
CASTHMA,2020,Age-adjusted prevalence,3143,2022
CERVICAL,2020,Age-adjusted prevalence,3143,2022
CHD,2020,Age-adjusted prevalence,3143,2022
CHECKUP,2020,Age-adjusted prevalence,3143,2022
CHOLSCREEN,2019,Age-adjusted prevalence,3120,2022
COLON_SCREEN,2020,Age-adjusted prevalence,3143,2022
COPD,2020,Age-adjusted prevalence,3143,2022
COREM,2020,Age-adjusted prevalence,3143,2022
COREW,2020,Age-adjusted prevalence,3143,2022
CSMOKING,2020,Age-adjusted prevalence,3143,2022
DENTAL,2020,Age-adjusted prevalence,3143,2022
DEPRESSION,2020,Age-adjusted prevalence,3143,2022
DIABETES,2020,Age-adjusted prevalence,3143,2022
GHLTH,2020,Age-adjusted prevalence,3143,2022
HIGHCHOL,2019,Age-adjusted prevalence,3120,2022
KIDNEY,2020,Age-adjusted prevalence,3143,2022
LPA,2020,Age-adjusted prevalence,3143,2022
MAMMOUSE,2020,Age-adjusted prevalence,3143,2022
MHLTH,2020,Age-adjusted prevalence,3143,2022
OBESITY,2020,Age-adjusted prevalence,3143,2022
PHLTH,2020,Age-adjusted prevalence,3143,2022
SLEEP,2020,Age-adjusted prevalence,3143,2022
STROKE,2020,Age-adjusted prevalence,3143,2022
TEETHLOST,2020,Age-adjusted prevalence,3143,2022
ACCESS2,2021,Age-adjusted prevalence,3076,2023
ARTHRITIS,2021,Age-adjusted prevalence,3076,2023
BINGE,2021,Age-adjusted prevalence,3076,2023
BPHIGH,2021,Age-adjusted prevalence,3076,2023
BPMED,2021,Age-adjusted prevalence,3076,2023
CANCER,2021,Age-adjusted prevalence,3076,2023
CASTHMA,2021,Age-adjusted prevalence,3076,2023
CERVICAL,2020,Age-adjusted prevalence,3143,2023
CHD,2021,Age-adjusted prevalence,3076,2023
CHECKUP,2021,Age-adjusted prevalence,3076,2023
CHOLSCREEN,2021,Age-adjusted prevalence,3076,2023
COGNITION,2021,Age-adjusted prevalence,3076,2023
COLON_SCREEN,2020,Age-adjusted prevalence,3143,2023
COPD,2021,Age-adjusted prevalence,3076,2023
COREM,2020,Age-adjusted prevalence,3143,2023
COREW,2020,Age-adjusted prevalence,3143,2023
CSMOKING,2021,Age-adjusted prevalence,3076,2023
DENTAL,2020,Age-adjusted prevalence,3143,2023
DEPRESSION,2021,Age-adjusted prevalence,3076,2023
DIABETES,2021,Age-adjusted prevalence,3076,2023
DISABILITY,2021,Age-adjusted prevalence,3076,2023
GHLTH,2021,Age-adjusted prevalence,3076,2023
HEARING,2021,Age-adjusted prevalence,3076,2023
HIGHCHOL,2021,Age-adjusted prevalence,3076,2023
INDEPLIVE,2021,Age-adjusted prevalence,3076,2023
KIDNEY,2021,Age-adjusted prevalence,3076,2023
LPA,2021,Age-adjusted prevalence,3076,2023
MAMMOUSE,2020,Age-adjusted prevalence,3143,2023
MHLTH,2021,Age-adjusted prevalence,3076,2023
MOBILITY,2021,Age-adjusted prevalence,3076,2023
OBESITY,2021,Age-adjusted prevalence,3076,2023
PHLTH,2021,Age-adjusted prevalence,3076,2023
SELFCARE,2021,Age-adjusted prevalence,3076,2023
SLEEP,2020,Age-adjusted prevalence,3143,2023
STROKE,2021,Age-adjusted prevalence,3076,2023
TEETHLOST,2020,Age-adjusted prevalence,3143,2023
VISION,2021,Age-adjusted prevalence,3076,2023
ACCESS2,2022,Age-adjusted prevalence,3144,2024
ARTHRITIS,2022,Age-adjusted prevalence,3144,2024
BINGE,2022,Age-adjusted prevalence,3144,2024
BPHIGH,2021,Age-adjusted prevalence,3077,2024
BPMED,2021,Age-adjusted prevalence,3077,2024
CANCER,2022,Age-adjusted prevalence,3144,2024
CASTHMA,2022,Age-adjusted prevalence,3144,2024
CHD,2022,Age-adjusted prevalence,3144,2024
CHECKUP,2022,Age-adjusted prevalence,3144,2024
CHOLSCREEN,2021,Age-adjusted prevalence,3077,2024
COGNITION,2022,Age-adjusted prevalence,3144,2024
COLON_SCREEN,2022,Age-adjusted prevalence,3144,2024
COPD,2022,Age-adjusted prevalence,3144,2024
CSMOKING,2022,Age-adjusted prevalence,3144,2024
DENTAL,2022,Age-adjusted prevalence,3144,2024
DEPRESSION,2022,Age-adjusted prevalence,3144,2024
DIABETES,2022,Age-adjusted prevalence,3144,2024
DISABILITY,2022,Age-adjusted prevalence,3144,2024
EMOTIONSPT,2022,Age-adjusted prevalence,2417,2024
FOODINSECU,2022,Age-adjusted prevalence,2417,2024
FOODSTAMP,2022,Age-adjusted prevalence,2417,2024
GHLTH,2022,Age-adjusted prevalence,3144,2024
HEARING,2022,Age-adjusted prevalence,3144,2024
HIGHCHOL,2021,Age-adjusted prevalence,3077,2024
HOUSINSECU,2022,Age-adjusted prevalence,2417,2024
INDEPLIVE,2022,Age-adjusted prevalence,3144,2024
ISOLATION,2022,Age-adjusted prevalence,2417,2024
LACKTRPT,2022,Age-adjusted prevalence,2417,2024
LPA,2022,Age-adjusted prevalence,3144,2024
MAMMOUSE,2022,Age-adjusted prevalence,3144,2024
MHLTH,2022,Age-adjusted prevalence,3144,2024
MOBILITY,2022,Age-adjusted prevalence,3144,2024
OBESITY,2022,Age-adjusted prevalence,3144,2024
PHLTH,2022,Age-adjusted prevalence,3144,2024
SELFCARE,2022,Age-adjusted prevalence,3144,2024
SHUTUTILITY,2022,Age-adjusted prevalence,2417,2024
SLEEP,2022,Age-adjusted prevalence,3144,2024
STROKE,2022,Age-adjusted prevalence,3144,2024
TEETHLOST,2022,Age-adjusted prevalence,3144,2024
VISION,2022,Age-adjusted prevalence,3144,2024
ACCESS2,2023,Age-adjusted prevalence,2956,2025
ARTHRITIS,2023,Age-adjusted prevalence,2956,2025
BINGE,2023,Age-adjusted prevalence,2956,2025
BPHIGH,2023,Age-adjusted prevalence,2956,2025
BPMED,2023,Age-adjusted prevalence,2956,2025
CANCER,2023,Age-adjusted prevalence,2956,2025
CASTHMA,2023,Age-adjusted prevalence,2956,2025
CHD,2023,Age-adjusted prevalence,2956,2025
CHECKUP,2023,Age-adjusted prevalence,2956,2025
CHOLSCREEN,2023,Age-adjusted prevalence,2956,2025
COGNITION,2023,Age-adjusted prevalence,2956,2025
COLON_SCREEN,2022,Age-adjusted prevalence,3143,2025
COPD,2023,Age-adjusted prevalence,2956,2025
CSMOKING,2023,Age-adjusted prevalence,2956,2025
DENTAL,2022,Age-adjusted prevalence,3143,2025
DEPRESSION,2023,Age-adjusted prevalence,2956,2025
DIABETES,2023,Age-adjusted prevalence,2956,2025
DISABILITY,2023,Age-adjusted prevalence,2956,2025
EMOTIONSPT,2023,Age-adjusted prevalence,2299,2025
FOODINSECU,2023,Age-adjusted prevalence,2299,2025
FOODSTAMP,2023,Age-adjusted prevalence,2299,2025
GHLTH,2023,Age-adjusted prevalence,2956,2025
HEARING,2023,Age-adjusted prevalence,2956,2025
HIGHCHOL,2023,Age-adjusted prevalence,2956,2025
HOUSINSECU,2023,Age-adjusted prevalence,2299,2025
INDEPLIVE,2023,Age-adjusted prevalence,2956,2025
LACKTRPT,2023,Age-adjusted prevalence,2299,2025
LONELINESS,2023,Age-adjusted prevalence,2299,2025
LPA,2023,Age-adjusted prevalence,2956,2025
MAMMOUSE,2022,Age-adjusted prevalence,3143,2025
MHLTH,2023,Age-adjusted prevalence,2956,2025
MOBILITY,2023,Age-adjusted prevalence,2956,2025
OBESITY,2023,Age-adjusted prevalence,2956,2025
PHLTH,2023,Age-adjusted prevalence,2956,2025
SELFCARE,2023,Age-adjusted prevalence,2956,2025
SHUTUTILITY,2023,Age-adjusted prevalence,2299,2025
SLEEP,2022,Age-adjusted prevalence,3143,2025
STROKE,2023,Age-adjusted prevalence,2956,2025
TEETHLOST,2022,Age-adjusted prevalence,3143,2025
VISION,2023,Age-adjusted prevalence,2956,2025
